{"cameraMode":{"drawMode":0,"name":"Shaded","section":"Shading Mode"},"sceneLighting":true,"audioPlay":false,"sceneViewState":{"m_AlwaysRefresh":false,"showFog":true,"showSkybox":true,"showFlares":true,"showImageEffects":true,"showParticleSystems":true,"showVisualEffectGraphs":true,"m_FxEnabled":true},"in2DMode":false,"pivot":{"x":14.516953468322754,"y":3.007294178009033,"z":-38.958106994628909},"rotation":{"x":0.002164088422432542,"y":-0.9773039221763611,"z":-0.009399868547916413,"w":0.21625244617462159},"size":10.876068115234375,"orthographic":false}