{"cameraMode":{"drawMode":0,"name":"Shaded","section":"Shading Mode"},"sceneLighting":true,"audioPlay":false,"sceneViewState":{"m_AlwaysRefresh":false,"showFog":true,"showSkybox":true,"showFlares":true,"showImageEffects":true,"showParticleSystems":true,"showVisualEffectGraphs":true,"m_FxEnabled":true},"in2DMode":false,"pivot":{"x":27.181102752685548,"y":5.475493907928467,"z":-73.8858871459961},"rotation":{"x":0.004216935019940138,"y":0.9929238557815552,"z":0.017321929335594178,"w":-0.1288651078939438},"size":26.565067291259767,"orthographic":false}